{"nvp":6,
"cs":0.3,
"ch":0.2,
"bmin":[-4.733334, 0.03333334, -4.733333],
"bmax":[4.733333, 0.03333334, 4.733334],
"v":[
[16,0,32],
[0,0,32],
[0,0,16],
[16,0,16],
[32,0,16],
[32,0,32],
[0,0,0],
[16,0,0],
[32,0,0]
],
"p":[
[3,2,1,0,65535,65535,2,65535,65535,1,65535,65535],
[5,4,3,0,65535,65535,65535,3,0,65535,65535,65535],
[7,6,2,3,65535,65535,65535,65535,0,3,65535,65535],
[8,7,3,4,65535,65535,65535,2,1,65535,65535,65535]
]}