{"nvp":6,
"cs":0.3,
"ch":0.2,
"bmin":[-4.733333, 0.03333334, -4.733333],
"bmax":[4.733334, 0.03333334, 4.733334],
"v":[
[0,0,16],
[16,0,16],
[16,0,0],
[0,0,0],
[32,0,16],
[32,0,0],
[16,0,32],
[0,0,32],
[32,0,32]
],
"p":[
[0,1,2,3,65535,65535,2,1,65535,65535,65535,65535],
[1,4,5,2,65535,65535,3,65535,65535,65535,65535,0],
[6,1,0,7,65535,65535,3,0,65535,65535,65535,65535],
[6,8,4,1,65535,65535,65535,65535,1,65535,65535,2]
]}