{"nvp":6,
"cs":0.3,
"ch":0.2,
"bmin":[-7, 0.3284925, -6.266667],
"bmax":[2.533334, 1.928493, 3.266667],
"v":[
[32,0,21],
[23,0,21],
[23,0,0],
[32,0,0],
[0,0,21],
[0,0,18],
[14,0,18],
[18,0,12],
[17,1,12],
[14,1,12],
[14,0,12],
[0,0,12],
[0,0,0],
[18,0,12],
[18,0,18],
[9,0,16],
[10,0,17],
[17,2,12],
[15,2,12],
[17,4,17],
[15,4,17],
[13,0,12],
[13,1,15],
[13,1,15],
[10,1,15],
[10,0,15],
[0,0,15],
[11,2,15],
[12,2,15],
[12,8,21],
[11,8,21],
[13,0,17],
[9,0,15],
[18,0,18],
[23,0,32],
[32,0,32],
[10,0,25],
[0,0,25],
[0,0,32],
[10,1,27],
[13,1,27],
[14,0,25],
[12,8,22],
[11,8,22],
[0,0,27],
[10,0,27],
[14,0,27],
[9,0,25],
[9,0,26],
[14,0,25],
[14,0,26]
],
"p":[
[3,2,1,0,65535,65535,65535,21,22,65535,65535,65535],
[1,6,5,4,65535,65535,7,17,65535,25,65535,65535],
[8,7,2,65535,65535,65535,65535,6,3,65535,65535,65535],
[9,8,2,65535,65535,65535,9,2,4,65535,65535,65535],
[10,9,2,65535,65535,65535,65535,3,5,65535,65535,65535],
[2,12,11,10,65535,65535,65535,65535,14,4,65535,65535],
[2,7,13,65535,65535,65535,2,65535,21,65535,65535,65535],
[1,14,6,65535,65535,65535,20,65535,1,65535,65535,65535],
[16,15,5,65535,65535,65535,65535,19,17,65535,65535,65535],
[18,17,8,9,65535,65535,10,65535,3,65535,65535,65535],
[18,20,19,17,65535,65535,65535,65535,65535,9,65535,65535],
[23,22,21,65535,65535,65535,65535,65535,12,65535,65535,65535],
[24,23,21,65535,65535,65535,15,11,13,65535,65535,65535],
[25,24,21,65535,65535,65535,65535,12,14,65535,65535,65535],
[11,26,25,21,10,65535,65535,18,13,65535,5,65535],
[28,23,24,27,65535,65535,65535,12,65535,16,65535,65535],
[28,27,30,29,65535,65535,15,65535,26,65535,65535,65535],
[5,6,31,16,65535,65535,1,65535,65535,8,65535,65535],
[32,25,26,65535,65535,65535,65535,14,19,65535,65535,65535],
[5,15,32,26,65535,65535,8,65535,18,65535,65535,65535],
[33,14,1,65535,65535,65535,65535,7,21,65535,65535,65535],
[2,13,33,1,65535,65535,6,65535,20,0,65535,65535],
[35,0,1,34,65535,65535,65535,0,35,65535,65535,65535],
[4,37,36,65535,65535,65535,65535,30,25,65535,65535,65535],
[34,40,39,38,65535,65535,28,65535,29,65535,65535,65535],
[1,4,36,41,65535,65535,1,23,65535,33,65535,65535],
[43,42,29,30,65535,65535,65535,65535,16,65535,65535,65535],
[45,44,38,65535,65535,65535,31,65535,29,65535,65535,65535],
[34,46,40,65535,65535,65535,35,65535,24,65535,65535,65535],
[39,45,38,65535,65535,65535,65535,27,24,65535,65535,65535],
[47,36,37,65535,65535,65535,65535,23,32,65535,65535,65535],
[44,45,48,65535,65535,65535,27,65535,32,65535,65535,65535],
[48,47,37,44,65535,65535,65535,30,65535,31,65535,65535],
[1,41,49,65535,65535,65535,25,65535,34,65535,65535,65535],
[1,49,50,65535,65535,65535,33,65535,35,65535,65535,65535],
[1,50,46,34,65535,65535,34,65535,28,22,65535,65535]
]}