{"v":[
[-2.493334,0.3218258,0],
[-2.384186E-07,0.3218258,0],
[-2.384186E-07,0.3218258,-6.233333],
[-2.493334,0.3218258,-6.233333],
[6.966666,0.3218258,0],
[6.966666,0.3218258,-0.7333336],
[2.86,0.3218258,-0.7333336],
[1.613333,0.3218258,-2.786667],
[1.833333,0.5051591,-2.786667],
[2.64,0.5051591,-2.786667],
[2.86,0.3218258,-2.786667],
[6.966666,0.3218258,-2.786667],
[6.966666,0.3218258,-6.233333],
[1.466667,0.3218258,-2.64],
[1.613333,0.3218258,-0.7333336],
[4.326666,0.3218258,-1.026667],
[4.18,0.3218258,-0.8800001],
[1.98,0.6518258,-2.64],
[2.493333,0.6518258,-2.64],
[1.98,1.201826,-1.246667],
[2.493333,1.201826,-1.246667],
[3.006667,0.3218258,-2.64],
[3.006667,0.5051591,-1.906667],
[3.153333,0.5051591,-1.906667],
[3.96,0.5051591,-1.906667],
[4.18,0.3218258,-1.906667],
[6.966666,0.3218258,-1.906667],
[3.813333,0.6518258,-1.76],
[3.3,0.6518258,-1.76],
[3.3,1.898492,0],
[3.813333,1.898492,0],
[2.933333,0.3218258,-0.8800001],
[4.326666,0.3218258,-1.76],
[1.466667,0.3218258,-0.8800001],
[-2.384186E-07,0.3218258,3.226666],
[-2.493334,0.3218258,3.226666],
[-2.384186E-07,0.3218258,16.64667],
[-2.384186E-07,0.3218258,7.186666],
[-2.493334,0.3218258,7.186666],
[-2.493334,0.3218258,16.64667],
[4.18,0.3218258,0.88],
[6.966666,0.3218258,0.88],
[6.966666,0.3218258,16.64667],
[6.966666,0.3218258,7.186666],
[2.933333,0.3218258,0.88],
[3.153333,0.4318258,1.76],
[3.96,0.4318258,1.76],
[3.813333,0.6151592,1.613333],
[3.3,0.6151592,1.613333],
[6.966666,0.3218258,3.226666],
[4.18,0.3218258,1.76],
[2.933333,0.3218258,1.76],
[4.326666,0.3218258,1.026667],
[4.326666,0.3218258,1.613333],
[6.966666,0.3218258,1.76],
[2.786667,0.3218258,1.026667],
[2.786667,0.3218258,1.613333]
],"p":[
[0,1,2,3],
[4,5,6,1],
[2,7,8],
[2,8,9],
[2,9,10],
[10,11,12,2],
[13,7,2],
[6,14,1],
[5,15,16],
[9,8,17,18],
[17,19,20,18],
[21,22,23],
[21,23,24],
[21,24,25],
[10,21,25,26,11],
[27,24,23,28],
[29,30,27,28],
[16,31,6,5],
[26,25,32],
[26,32,15,5],
[1,14,33],
[1,33,13,2],
[34,1,0,35],
[36,37,38,39],
[40,41,4],
[36,42,43,37],
[44,40,4,1],
[45,46,47,48],
[47,30,29,48],
[49,50,46],
[49,46,45,34],
[45,51,34],
[41,40,52],
[53,50,54],
[54,41,52,53],
[49,54,50],
[55,44,1],
[34,51,56,1],
[56,55,1]
]}